title,year,paper_link,project_link,article,authors,teaser
Unsupervised Visual Representation Learning by Context Prediction,2015,http://arxiv.org/pdf/1505.05192v2,http://graphics.cs.cmu.edu/projects/deepContext/,ICCV,Carl Doersch+http://www.cs.cmu.edu/~cdoersch/;Abhinav Gupta+http://www.cs.cmu.edu/~abhinavg/;Alexei A. Efros+http://www.eecs.berkeley.edu/~efros/,
Physically-Accurate Fur Reflectance: Modeling$ Measurement and Rendering,2015,http://people.eecs.berkeley.edu/~lingqi/publications/paper_fur.pdf,,SIGGRAPH Asia,Ling-Qi Yan+http://people.eecs.berkeley.edu/~lingqi/;Chi-Wei Tseng+http://cseweb.ucsd.edu/~c5tseng/;Henrik Wann Jensen+graphics.ucsd.edu/~henrik/;Ravi Ramamoorthi+https://cseweb.ucsd.edu/~ravir/,
Convolutional Wasserstein Distances: Efficient Optimal Transportation on Geometric Domains,2015,http://people.csail.mit.edu/jsolomon/assets/convolutional_w2.compressed.pdf,,SIGGRAPH,Justin Solomon+http://people.csail.mit.edu/jsolomon/;Fernando de Goes+http://fernandodegoes.org/; Gabriel Peyre+http://gpeyre.github.io/;Marco Cuturi+http://www.iip.ist.i.kyoto-u.ac.jp/member/cuturi/;Adrian Butscher+http://autodeskresearch.com/people/adrianbutscher;Andy Nguyen;Tao Du;Leonidas Guibas+http://geometry.stanford.edu/member/guibas/,
Computational Hydrographic Printing,2015,http://www.cs.columbia.edu/cg/hydrographics/hydrographics.pdf,http://www.cs.columbia.edu/cg/hydrographics/,SIGGRAPH,Yizhong Zhang;Chunji Yin;Changxi Zheng+http://www.cs.columbia.edu/~cxz/;Kun Zhou+http://www.kunzhou.net/,
Fully Convolutional Networks for Semantic Segmentation,2015,http://people.eecs.berkeley.edu/~jonlong/long_shelhamer_fcn.pdf,,CVPR,Jon Long+http://people.eecs.berkeley.edu/~jonlong/;Evan Shelhamer+http://imaginarynumber.net/;Trevor Darrell+http://people.eecs.berkeley.edu/~trevor/,
Automating Image Morphing using Structural Similarity on a Halfway Domain,2014,http://www.cs.ust.hk/~psander/docs/pixmorph.pdf,http://research.microsoft.com/en-us/um/people/hoppe/proj/morph/,SIGGRAPH,Jing Liao;Rodolfo Lima+http://www.rodlima.net/;Diego Nehab+http://w3.impa.br/~diego/;Hugues Hoppe+http://research.microsoft.com/en-us/um/people/hoppe/;Pedro Sander+http://www.cse.ust.hk/~psander/;Jinhui Yu+http://www.cad.zju.edu.cn/home/jhyu/English.htm,
AverageExplorer: Interactive Exploration and Alignment of Visual Data Collections,2014,https://www.cs.cmu.edu/~junyanz/projects/averageExplorer/averageExplorer.pdf,https://www.cs.cmu.edu/~junyanz/projects/averageExplorer/index.html,SIGGRAPH,Jun-Yan Zhu+https://www.cs.cmu.edu/~junyanz;Yong Jae Lee+http://www.cs.ucdavis.edu/~yjlee/;Alexei A. Efros+http://www.eecs.berkeley.edu/~efros/,
Robust and Accurate Skeletal Rigging from Mesh Sequences,2014,http://graphics.cs.uh.edu/ble/papers/2014s-ske/skeleton-draft.pdf,http://graphics.cs.uh.edu/ble/papers/2014s-ske/,SIGGRAPH,Binh Huy Le+http://graphics.cs.uh.edu/ble/about.php;Zhigang Deng+http://graphics.cs.uh.edu/zdeng/,
Image Completion using Planar Structure Guidance,2014,https://www.box.com/shared/static/x3zb7p2qp696dxu3wf34.pdf,https://sites.google.com/site/jbhuang0604/publications/struct_completion,SIGGRAPH,Jia-Bin Huang+https://sites.google.com/site/jbhuang0604/;Sing Bing Kang+http://research.microsoft.com/en-us/people/sbkang/;Narendra Ahuja+http://www.ece.illinois.edu/directory/profile.asp?n-ahuja;Johannes Kopf+http://johanneskopf.de/,
Context as Supervisory Signal: Discovering Objects with Predictable Context,2014,http://graphics.cs.cmu.edu/projects/contextPrediction/contextPrediction.pdf,http://graphics.cs.cmu.edu/projects/contextPrediction/,ECCV,Carl Doersch+http://www.cs.cmu.edu/~cdoersch/;Abhinav Gupta+http://www.cs.cmu.edu/~abhinavg/;Alexei A. Efros+http://www.eecs.berkeley.edu/~efros/,
Cat Basis Purrsuit,2013,http://www.oneweirdkerneltrick.com/catbasis.pdf,,SIGBOVIK,Daniel Caturana+http://dimatura.net/;David Furry+http://www.cs.cmu.edu/~dfouhey/,
Halftone QR Codes,2013,http://vecg.cs.ucl.ac.uk/Projects/SmartGeometry/halftone_QR/paper_docs/halftoneQR_sigga13.pdf,http://vecg.cs.ucl.ac.uk/Projects/SmartGeometry/halftone_QR/halftoneQR_sigga13.html,SIGGRAPH Asia,Hung-Kuo Chu+http://cgv.cs.nthu.edu.tw/hkchu;Chia-Sheng Chang;Ruen-Rone Lee+http://www.cs.nthu.edu.tw/~rrlee/rrlee/Home.html;Niloy J. Mitra+http://www0.cs.ucl.ac.uk/staff/n.mitra/,
Boundary Cues for 3D Object Shape Recovery,2013,http://www.cs.berkeley.edu/~barron/KarschCVPR2013.pdf,,CVPR,Kevin Karsch+http://kevinkarsch.com/;Zicheng Liao+http://web.engr.illinois.edu/~liao17/;Jason Rock;Jonathan T. Barron+http://www.cs.berkeley.edu/~barron/;Derek Hoiem+http://web.engr.illinois.edu/~dhoiem/,
Painting by feature: texture boundaries for example-based image creation,2013,https://s3-us-west-1.amazonaws.com/disneyresearch/wp-content/uploads/20150324052134/Painting-by-Feature-Paper.pdf,https://graphics.ethz.ch/publications/papers/paperLuk13.php,SIGGRAPH,Michal Lukac+http://dcgi.fel.cvut.cz/people/lukacmi1;Jakub Fiser+http://dcgi.fel.cvut.cz/people/fiserja9;Jean-Charles Bazin+https://graphics.ethz.ch/~jebazin/;Ondrej Jamriska+http://dcgi.fel.cvut.cz/people/jamriond;Alexander Sorkine-Hornung+http://www.ahornung.net/;Daniel Sykora+http://dcgi.felk.cvut.cz/home/sykorad/,
Robust Inside-Outside Segmentation using Generalized Winding Numbers,2013,http://igl.ethz.ch/projects/winding-number/robust-inside-outside-segmentation-using-generalized-winding-numbers-siggraph-2013-jacobson-et-al.pdf,http://igl.ethz.ch/projects/winding-number,SIGGRAPH,Alec Jacobson+http://www.cs.columbia.edu/~jacobson/;Ladislav Kavan+http://www.seas.upenn.edu/~ladislav/;Olga Sorkine-Hornung+http://igl.ethz.ch/people/sorkine/,
Manifold Preserving Edit Propagation,2012,http://www.cs.sfu.ca/~pingtan/Papers/sigasia12.pdf,,SIGGRAPH Asia,Xiaowu Chen+http://arts.buaa.edu.cn/staff/chen/index.htm;Dongqing Zou;Qinping Zhao;Ping Tan+http://www.cs.sfu.ca/~pingtan/,
Functional Maps: A Flexible Representation of Maps Between Shapes,2012,http://citeseerx.ist.psu.edu/viewdoc/download?doi=10.1.1.717.3850&rep=rep1&type=pdf,,SIGGRAPH,Maks Ovsjanikov+http://www.lix.polytechnique.fr/~maks/;Mirela Ben-Chen+http://mirela.net.technion.ac.il/;Justin Solomon+http://people.csail.mit.edu/jsolomon/;Adrian Butscher+https://autodeskresearch.com/people/adrian-butscher;Leonidas Guibas+http://geometry.stanford.edu/member/guibas/,
Building High-level Features Using Large Scale Unsupervised Learning,2012,http://static.googleusercontent.com/media/research.google.com/en/us/archive/unsupervised_icml2012.pdf,http://research.google.com/archive/unsupervised_icml2012.html,ICML,Quoc Le+http://cs.stanford.edu/~quocle/;Marc'Aurelio Ranzato+http://www.cs.toronto.edu/~ranzato/;Rajat Monga+http://research.google.com/pubs/RajatMonga.html;Matthieu Devin;Kai Chen;Greg Corrado+http://research.google.com/pubs/GregCorrado.html;Jeff Dean+http://research.google.com/people/jeff/;Andrew Ng+http://cs.stanford.edu/people/ang/,
Learning to Localize Detected Objects,2012,http://web.engr.illinois.edu/~dhoiem/publications/cvpr2012_objectsegmentation_qieyun.pdf,,CVPR,Qieyun Dai+http://web.engr.illinois.edu/~dai9/;Derek Hoiem+http://web.engr.illinois.edu/~dhoiem/,
Cats and Dogs,2012,http://www.robots.ox.ac.uk/~vgg/publications/2012/parkhi12a/parkhi12a.pdf,http://www.robots.ox.ac.uk/~vgg/publications/2012/parkhi12a/,CVPR,Omkar M Parkhi+http://www.robots.ox.ac.uk/~vgg/publications/index.php?idAuthor=161;Andrea Vedaldi+http://www.robots.ox.ac.uk/~vedaldi/;Andrew Zisserman+http://www.robots.ox.ac.uk/~az/;C. V. Jawahar+http://www.iiit.ac.in/~jawahar/,
OverCoat: An Implicit Canvas for 3D Painting,2011,http://zurich.disneyresearch.com/OverCoat/OverCoat-preprint-s.pdf,http://zurich.disneyresearch.com/OverCoat/,SIGGRAPH,Johannes Schmid;Martin Sebastian Senn;Markus Gross+https://graphics.ethz.ch/people/grossm/;Robert W. Sumner+https://graphics.ethz.ch/~sumnerb/,
The Truth About Cats and Dogs,2011,http://www.robots.ox.ac.uk/~vgg/publications/2011/Parkhi11/parkhi11.pdf,http://www.robots.ox.ac.uk/~vgg/publications/2011/Parkhi11/,ICCV,Omkar M Parkhi+http://www.robots.ox.ac.uk/~vgg/publications/index.php?idAuthor=161;Andrea Vedaldi+http://www.robots.ox.ac.uk/~vedaldi/;C. V. Jawahar+http://www.iiit.ac.in/~jawahar/;Andrew Zisserman+http://www.robots.ox.ac.uk/~az/,
Mobius Voting for Surface Correspondence,2009,http://gfx.cs.princeton.edu/pubs/Lipman_2009_MVF/mobius.pdf,http://gfx.cs.princeton.edu/pubs/Lipman_2009_MVF/index.php,SIGGRAPH,Yaron Lipman+http://www.wisdom.weizmann.ac.il/~ylipman/;Thomas Funkhouser+http://www.cs.princeton.edu/~funk/,
Programmable Aperture Photography: Multiplexed Light Field Acquisition,2008,http://chiakailiang.org/pap/pdf/sig08_preprint.pdf,http://chiakailiang.org/pap/,SIGGRAPH,Chia-Kai Liang+http://chiakailiang.org/;Tai-Hsu Lin+http://mpac.ee.ntu.edu.tw/~lth/;Bing-Yi Wong;Chi Liu;Homer Chen+http://www.ee.ntu.edu.tw/bio?id=60,
Cat Head Detection - How to Effectively Exploit Shape and Texture Features,2008,http://research.microsoft.com/pubs/80582/ECCV_CAT_PROC.pdf,http://137.189.35.203/WebUI/CatDatabase/catData.html,ECCV,Weiwei Zhang;Jian Sun+http://research.microsoft.com/en-us/people/jiansun/;Xiaoou Tang+http://www.ie.cuhk.edu.hk/people/xotang.shtml,
Harmonic Skeleton for Realistic Character Animation,2007,http://www-evasion.imag.fr/Publications/2007/AHLD07/HarmonicSkeleton.pdf,http://www-evasion.imag.fr/Publications/2007/AHLD07/,Symposium on Computer Animation,Gregoire Aujay+http://gregoire.aujay.free.fr/news.php;Franck Hetroy+http://morpheo.inrialpes.fr/people/hetroy/;Francis Lazarus+http://www.gipsa-lab.grenoble-inp.fr/~francis.lazarus/;Christine Depraz,
Hybrid Images,2006,http://cvcl.mit.edu/hybridimage/hybrid/OlivaTorralb_Hybrid_Siggraph06.pdf,http://cvcl.mit.edu/hybridimage/,SIGGRAPH,Aude Oliva+http://cvcl.mit.edu/;Antonio Torralba+http://web.mit.edu/torralba/www/;Philippe G. Schyns+http://www.gla.ac.uk/researchinstitutes/neurosciencepsychology/staff/philippeschyns/,
Real-Time Video Abstraction,2006,http://www.heathershrewsbury.com/dreu2010/wp-content/uploads/2010/07/RealTimeVideoAbstraction.pdf,http://holgerweb.net/PhD/Research/VideoAbstraction/,SIGGRAPH,Holger Winnemoller+http://holgerweb.net/PhD/;Sven C. Olsen+http://www.cs.northwestern.edu/~sco590/;Bruce Gooch+http://www.cs.northwestern.edu/~bgooch/Publications.html,
Spectral Surface Quadrangulation,2006,http://graphics.cs.illinois.edu/sites/default/files/ssq.pdf,http://graphics.cs.illinois.edu/papers/ssq,SIGGRAPH,Shen Dong;Peer-Timo Bremer+http://faculty.engineering.ucdavis.edu/bremer/;Michael Garland+http://mgarland.org/;Valerio Pascucci+http://www.pascucci.org/;John C. Hart+http://graphics.cs.illinois.edu/~jch/,
Large mesh deformation using the volumetric graph Laplacian,2005,https://www.microsoft.com/en-us/research/publication/large-mesh-deformation-using-the-volumetric-graph-laplacian/,,SIGGRAPH,Kun Zhou+http://www.kunzhou.net/;Jin Huang+http://www.cad.zju.edu.cn/home/hj/index.xml;John Snyder+http://research.microsoft.com/en-us/um/people/johnsny/;Xinguo Liu+http://www.cad.zju.edu.cn/home/xgliu/;Hujun Bao+http://www.cad.zju.edu.cn/home/bao/;Baining Guo+https://www.microsoft.com/en-us/research/people/bainguo/;Heung-Yeung Shum+https://news.microsoft.com/exec/harry-shum/#sm.0000132byn4sagcq3zb3rckw1y2ny,
Deformation Transfer for Triangle Meshes,2004,http://people.csail.mit.edu/sumner/research/deftransfer/Sumner2004DTF.pdf,http://people.csail.mit.edu/sumner/research/deftransfer/,SIGGRAPH,Robert W. Sumner+https://graphics.ethz.ch/~sumnerb/;Jovan Popovic+http://www.adobe.com/technology/people/seattle/jovan-popovic.html,
A Procedural Approach to Authoring Solid Models,2002,http://people.csail.mit.edu/bmcutler/PROJECTS/SIGGRAPH02/papers_0040_final.pdf,http://people.csail.mit.edu/bmcutler/PROJECTS/SIGGRAPH02/,SIGGRAPH,Barbara Cutler+http://www.cs.rpi.edu/~cutler/;Julie Dorsey+http://graphics.cs.yale.edu/site/people/julie-dorsey/;Leonard McMillan+http://www.csbio.unc.edu/mcmillan/index.py;Matthias Mueller+http://matthias-mueller-fischer.ch/;Robert Jagnow+http://www.robjagnow.com/,
Feature-based light field morphing,2002,http://dl.acm.org/citation.cfm?id=566602,,SIGGRAPH,Zhunping Zhang; Lifeng Wang; Baining Guo+https://www.microsoft.com/en-us/research/people/bainguo/;Heung-Yeung Shum+https://news.microsoft.com/exec/harry-shum/#sm.0000132byn4sagcq3zb3rckw1y2ny,
Texture Synthesis over Arbitrary Manifold Surfaces,2001,http://graphics.stanford.edu/papers/texture-synthesis-sig01/texture.pdf,http://graphics.stanford.edu/papers/texture-synthesis-sig01/,SIGGRAPH,Li-Yi Wei+http://www.liyiwei.org/;Marc Levoy+http://graphics.stanford.edu/~levoy/,
Real-Time Fur over Arbitrary Surfaces,2001,http://people.csail.mit.edu/ericchan/bib/pdf/p227-lengyel.pdf,,SIGGRAPH,Jerome E. Lengyel;Emil Praun+http://www.cs.utah.edu/~emilp/;Adam Finkelstein+https://www.cs.princeton.edu/~af/;Hugues Hoppe+http://research.microsoft.com/en-us/um/people/hoppe/,
A Signal-Processing Framework for Inverse Rendering,2001,https://graphics.stanford.edu/papers/invrend/invrend.pdf,https://graphics.stanford.edu/papers/invrend/,SIGGRAPH,Ravi Ramamoorthi+https://cseweb.ucsd.edu/~ravir/;Pat Hanrahan+https://graphics.stanford.edu/~hanrahan/,
A Markovian framework for digital halftoning,1993,http://dl.acm.org/citation.cfm?id=151281,,ACM Transactions on Graphics (TOG),Robert Geist+https://people.cs.clemson.edu/~geist/homepage.html;Robert Reynolds;Darrell Suggs,
Some informational aspects of visual perception,1954,http://web.mit.edu/persci/classes/papers/Attneave54.pdf,,Psychological Review,Fred Attneave+http://psycnet.apa.org/index.cfm?fa=buy.optionToBuy&id=1994-31267-001,
Structure-Aware Halftoning,2008,https://www.researchgate.net/profile/Wai-Man_Pang/publication/200018906_Structure-Aware_Halftoning/links/02e7e51de74ad05a1b000000.pdf,http://www.cse.cuhk.edu.hk/~ttwong/papers/structurehalftone/structurehalftone.html,SIGGRAPH,Wai-Man Pang+http://www.cihe.edu.hk/~wmpang/;Yingge Qu;Tien-Tsin Wong+http://www.cse.cuhk.edu.hk/~ttwong/myself.html;Daniel Cohen-Or+http://www.math.tau.ac.il/~dcor/;Pheng-Ann Heng+http://www.cse.cuhk.edu.hk/~pheng/,
TextureMontage: Seamless Texturing of Arbitrary Surfaces From Multiple Images,2005,http://kunzhou.net/publications/texturemontage.pdf,,SIGGRAPH,Kun Zhou+http://www.kunzhou.net/;Xi Wang;Yiying Tong+http://www.cse.msu.edu/~ytong/;Mathieu Desbrun+http://www.geometry.caltech.edu/~mathieu/;Baining Guo+https://www.microsoft.com/en-us/research/people/bainguo/;Heung-Yeung Shum+https://news.microsoft.com/exec/harry-shum/#sm.0000132byn4sagcq3zb3rckw1y2ny,Zhou2005b.jpg
Smoothing an Overlay Grid to Minimize Linear Distortion in Texture Mapping,2002,http://citeseerx.ist.psu.edu/viewdoc/download?doi=10.1.1.101.2205&rep=rep1&type=pdf,,ACM Transactions on Graphics (TOG),Alla Sheffer+http://www.cs.ubc.ca/~sheffa/;Eric de Sturler+http://www.math.vt.edu/people/sturler/,
Blended Intrinsic Maps,2011,http://www.cs.princeton.edu/~funk/sig11.pdf,,SIGGRAPH,Vladimir G. Kim+http://vovakim.com/;Yaron Lipman+http://www.wisdom.weizmann.ac.il/~ylipman/; Thomas Funkhouser+http://www.cs.princeton.edu/~funk/,
Synthesis of Bidirectional Texture Functions on Arbitrary Surfaces,2002,http://www.msr-waypoint.com/en-us/um/people/xtong/BTFSynthesis.pdf,,SIGGRAPH,Xin Tong+http://research.microsoft.com/en-us/um/people/xtong/xtong.html;Jingdan Zhang; Ligang Liu+http://staff.ustc.edu.cn/~lgliu/;Xi Wang;Baining Guo+https://www.microsoft.com/en-us/research/people/bainguo/; Heung-Yeung Shum+https://news.microsoft.com/exec/harry-shum/#sm.0000132byn4sagcq3zb3rckw1y2ny,
Automatic rigging and animation of 3D characters,2007,http://people.csail.mit.edu/ibaran/papers/2007-SIGGRAPH-Pinocchio.pdf,http://www.mit.edu/~ibaran/autorig/,SIGGRAPH,Ilya Baran+http://www.mit.edu/~ibaran/;Jovan Popovic+http://people.csail.mit.edu/jovan/,
Moving Gradients: A Path-Based Method for Plausible Image Interpolation,2009,http://people.csail.mit.edu/wojciech/MovingGradients/MovingGradients.pdf,http://people.csail.mit.edu/wojciech/MovingGradients/,SIGGRAPH,Dhruv Mahajan+http://www.cs.columbia.edu/~dhruv/;Fu-Chung Huang+https://sites.google.com/site/jonash123/;Wojciech Matusik+http://people.csail.mit.edu/wojciech/;Ravi Ramamoorthi+https://cseweb.ucsd.edu/~ravir/;Peter Belhumeur+http://www.cs.columbia.edu/~belhumeur/,
Mesh Puppetry: Cascading Optimization of Mesh Deformation with Inverse Kinematics,2007,http://citeseerx.ist.psu.edu/viewdoc/download;jsessionid=8E1AD9DB3F200954341D4C96A1F9C9E1?doi=10.1.1.152.7336&rep=rep1&type=pdf,,SIGGRAPH,Xiaohan Shi+https://sites.google.com/site/royitaqi/;Kun Zhou+http://www.kunzhou.net/;Yiying Tong+http://www.cse.msu.edu/~ytong/;Mathieu Desbrun+http://www.geometry.caltech.edu/~mathieu/;Hujun Bao+http://www.cad.zju.edu.cn/home/bao/;Baining Guo+https://www.microsoft.com/en-us/research/people/bainguo/,
Apparent Display Resolution Enhancement for Moving Images,2010,http://resources.mpi-inf.mpg.de/ResolutionEnhancement/ResolutionEnhancement.pdf,http://resources.mpi-inf.mpg.de/ResolutionEnhancement/,SIGGRAPH,Piotr Didyk+http://people.csail.mit.edu/pdidyk/;Elmar Eisemann+http://perso.telecom-paristech.fr/~eisemann/;Tobias Ritschel+http://www.mpi-inf.mpg.de/~ritschel/;Karol Myszkowski+http://www.mpi-inf.mpg.de/~karol/;Hans-Peter Seidel+http://www.mpi-inf.mpg.de/~hpseidel/,
Star-Contours for Efficient Hierarchical Self-Collision Detection,2010,http://www.gmrv.es/Publications/2010/SPO10/SCTT.pdf,http://www.gmrv.es/Publications/2010/SPO10/,SIGGRAPH,Sara C. Schvartzman+http://www.gmrv.es/~sschvartzman;Alvaro G. Perez+http://www.gmrv.es/~aperez/;Miguel A. Otaduy+http://www.gmrv.es/~motaduy,
A Coaxial Optical Scanner for Synchronous Acquisition of 3D Geometry and Surface Reflectance,2010,http://www.cs.virginia.edu/~mjh7v/papers/Holroyd10.pdf,http://meekohi.com/Holroyd10/,SIGGRAPH,Michael Holroyd+http://meekohi.com/;Jason Lawrence+http://www.cs.virginia.edu/~jdl/;Todd Zickler+http://www.eecs.harvard.edu/~zickler/,
Vector Field Design on Surfaces,2006,http://www.math.rutgers.edu/~mischaik/papers/vecflddesn.pdf,,ACM Transactions on Graphics (TOG),Eugene Zhang+http://web.engr.oregonstate.edu/~zhange/;Konstantin Mischaikow+https://www.math.rutgers.edu/~mischaik/;Greg Turk+http://www.cc.gatech.edu/~turk/,
Extracting Depth and Matte using a Color-Filtered Aperture,2008,http://web.media.mit.edu/~bandy/rgb/SIGA08rgb.pdf,http://web.media.mit.edu/~bandy/rgb/,SIGGRAPH Asia,Yosuke Bando+http://web.media.mit.edu/~bandy/;Bing-Yu Chen+http://www.management.ntu.edu.tw/en/teachers/17;Tomoyuki Nishita+http://nishitalab.org/user/nis/,
Stereological Techniques for Solid Textures,2004,http://graphics.cs.yale.edu/site/sites/files/Stereological%20Techniques.pdf,http://graphics.cs.yale.edu/site/publications/stereological-techniques-solid-textures?destination=node%2F57,ACM Transactions on Graphics (TOG),Robert Jagnow+http://robjagnow.com/;Julie Dorsey+http://graphics.cs.yale.edu/site/people/julie-dorsey;Holly Rushmeier+http://graphics.cs.yale.edu/site/people/holly-rushmeier/,
Nonlinear Revision Control for Images,2011,http://citeseerx.ist.psu.edu/viewdoc/download?doi=10.1.1.465.986&rep=rep1&type=pdf,https://www.microsoft.com/en-us/research/publication/nonlinear-revision-control-for-images/,SIGGRAPH ,"Hsiang-Ting Chen+http://www.ht-timchen.com/;Li-Yi Wei+http://www.liyiwei.org/;Chun-Fa Chang+https://cchang.wordpress.com/
",
Spin Transformations of Discrete Surfaces,2011,http://www.cs.cmu.edu/~kmcrane/Projects/SpinTransformations/paper.pdf,http://www.cs.cmu.edu/~kmcrane/Projects/SpinTransformations/,SIGGRAPH,Keenan Crane+http://www.cs.cmu.edu/~kmcrane/;Ulrich Pinkall+http://page.math.tu-berlin.de/~pinkall/;Peter Schroder+http://users.cms.caltech.edu/~ps/,
A Vectorial Solver for Free-form Vector Gradients,2012,https://hal.archives-ouvertes.fr/hal-00732992/PDF/vs4vg_2012.pdf,https://hal.inria.fr/hal-00732992,SIGGRAPH Asia,Simon Boye+http://manao.inria.fr/team/boye/;Pascal Barla+http://www.labri.fr/perso/barla/blog/;Gael Guennebaud+http://www.labri.fr/perso/guenneba/,
Animated Construction of Line Drawings,2011,http://www.jdl.ac.cn/project/faceId/paperreading/Paper/nyji_20120329_2.pdf,http://sweb.cityu.edu.hk/hongbofu/projects/animatedconstructionoflinedrawings_sigga11/#.V3wdKZErI2w,SIGGRAPH Asia,Hongbo Fu+http://sweb.cityu.edu.hk/hongbofu/;Shizhe Zhou+http://sweb.cityu.edu.hk/shizzhou/; Ligang Liu+http://staff.ustc.edu.cn/~lgliu/;Niloy J. Mitra+http://graphics.stanford.edu/~niloy/,
Extraction of the Quad Layout of a Triangle Mesh Guided by its Curve-Skeleton,2015,https://drive.google.com/open?id=0B6EEjMMaU7haZG9hVVpxSjd2dEE,https://sites.google.com/site/marcolivesu/quadlayouts,ACM Transactions on Graphics (TOG),Francesco Usai+http://francescousai.info/;Marco Livesu+https://sites.google.com/site/marcolivesu/;Enrico Puppo+http://www.disi.unige.it/person/PuppoE/;Marco Tarini+http://vcg.isti.cnr.it/~tarini/;Riccardo Scateni+http://ugo.sc.unica.it/,
Near-Regular Structure Discovery Using Linear Programming,2013,http://vecg.cs.ucl.ac.uk/Projects/SmartGeometry/nr_mesh/paper_docs/nrMesh_tog.pdf,http://vecg.cs.ucl.ac.uk/Projects/SmartGeometry/nr_mesh/nrMesh_tog.html,ACM Transactions on Graphics,Qixing Huang+http://ttic.uchicago.edu/~huangqx/;Leonidas Guibas+http://geometry.stanford.edu/member/guibas/;Niloy J. Mitra+http://www0.cs.ucl.ac.uk/staff/n.mitra/,
Discrete conformal mappings via circle patterns,2006,http://www.cs.jhu.edu/~misha/Fall09/Kharevych06.pdf,,ACM Transactions on Graphics,Liliya Kharevych;Boris Springborn+http://page.math.tu-berlin.de/~springb/;Peter Schroder+http://users.cms.caltech.edu/~ps/,
Bijective Maps from Simplicial Foliations,2016,https://www.graphics.rwth-aachen.de/media/papers/Campen2016_SimplicialFoliations.pdf,,SIGGRAPH,Marcel Campen+https://www.graphics.rwth-aachen.de/person/7/;Claudio T. Silva+http://vgc.poly.edu/~csilva/;Denis Zorin+http://mrl.nyu.edu/~dzorin/,
Guided Image Filtering,2010,http://kaiminghe.com/publications/eccv10guidedfilter.pdf,http://kaiminghe.com/eccv10/index.html,ECCV,Kaiming He+http://kaiminghe.com/;Jian Sun+http://www.jiansun.org/;Xiaoou Tang+https://www.ie.cuhk.edu.hk/people/xotang.shtml,
Understanding Image Virality,2015,https://arxiv.org/abs/1503.02318,http://arturodeza.github.io/virality/,CVPR,Arturo Deza+http://arturodeza.wikidot.com/;Devi Parikh+https://filebox.ece.vt.edu/~parikh/,
Learning Features by Watching Objects Move,2017,https://arxiv.org/abs/1612.06370,,CVPR,Deepak Pathak+https://people.eecs.berkeley.edu/~pathak/;Ross Girshick+http://www.rossgirshick.info/;Piotr Dollar+https://pdollar.github.io/;Trevor Darrell+https://people.eecs.berkeley.edu/~trevor/;Bharath Hariharan+http://home.bharathh.info/,
Learning 3D Deformation of Animals from 2D Images,2016,https://arxiv.org/abs/1507.07646,https://github.com/akanazawa/catdeform,Eurographics,Angjoo Kanazawa+http://www.umiacs.umd.edu/~kanazawa/;Shahar Kovalsky+https://services.math.duke.edu/~shaharko/;Ronen Basri+http://www.wisdom.weizmann.ac.il/~/ronen/;David W. Jacobs+https://www.cs.umd.edu/~djacobs/,
Image-to-Image Translation with Conditional Adversarial Networks,2017,https://arxiv.org/abs/1611.07004,https://github.com/phillipi/pix2pix,CVPR,Phillip Isola+https://github.com/phillipi;Jun-Yan Zhu+https://www.cs.cmu.edu/~junyanz/;Tinghui Zhou+https://people.eecs.berkeley.edu/~tinghuiz/;Alexei A. Efros+https://people.eecs.berkeley.edu/~efros/,
Build-to-Last: Strength to Weight 3D Printed Objects,2014,https://www.cs.tau.ac.il/~dcor/articles/2014/Build-to-Last.pdf,https://sites.google.com/site/build2last43dp/,SIGGRAPH,Lin Lu+http://vr.sdu.edu.cn/~lulin/;Andrei Sharf+http://www.cs.bgu.ac.il/~asharf/;Haisen Zhao+http://irc.cs.sdu.edu.cn/~zhaohaisen/;Yuan Wei;Qingnan Fan;Xuelin Chen;Yann Savoye+http://www.animlife.com/;Changhe Tu+http://www.cs.sdu.edu.cn/zh/60;Daniel Cohen-Or+http://www.cs.tau.ac.il/~dcor/;Baoquan Chen+http://www.cs.sdu.edu.cn/~baoquan/,
Connected Fermat Spirals for Layered Fabrication,2016,http://irc.cs.sdu.edu.cn/~zhaohaisen/paper/fermat_spirals.pdf,http://irc.cs.sdu.edu.cn/CFS/,SIGGRAPH,Haisen Zhao+http://irc.cs.sdu.edu.cn/~zhaohaisen/;Fanglin Gu;Qixing Huang+https://www.cs.utexas.edu/~huangqx/;J. A. Garcia Galicia;Yong Chen+http://www-bcf.usc.edu/~yongchen/;Changhe Tu+http://www.cs.sdu.edu.cn/zh/~chtu;Bedrich Benes+http://hpcg.purdue.edu/bbenes/index.htm;Hao Zhang+http://www.cs.sfu.ca/~haoz/;Daniel Cohen-Or+http://www.cs.tau.ac.il/~dcor/;Baoquan Chen+http://www.cs.sdu.edu.cn/~baoquan/,
CodePilot: Scaffolding End-to-End Collaborative Software Development for Novice Programmers,2017,http://www.pgbovine.net/publications/CodePilot-collaborative-programming-IDE_CHI-2017.pdf,https://jeremywrnr.com/project/codepilot/,CHI,Jeremy Warner+https://jeremywrnr.com/;Philip J. Guo+http://www.pgbovine.net/index.html,
Revolt: Collaborative Crowdsourcing for Labeling Machine Learning Datasets,2017,https://joe.cat/images/papers/revolt-crowd-labeling.pdf,https://joe.cat/CHI-revolt/,CHI,Joseph Chee Chang+https://joe.cat/;Saleema Amershi+http://saleemaamershi.com/;Ece Kamar+https://www.ecekamar.com/,
A Neural Representation of Sketch Drawings,2018,https://arxiv.org/abs/1704.03477,,ICLR,David Ha+https://research.google.com/pubs/105004.html;Douglas Eck+https://research.google.com/pubs/author39086.html,
By-Example Synthesis of Structurally Sound Patterns,2015,https://members.loria.fr/JDumas/files/papers/sfsyn/byexsyn.pdf,https://members.loria.fr/JDumas/publications/sfsyn/,SIGGRAPH,J&#233r&#233mie Dumas+https://members.loria.fr/JDumas/;An Lu;Sylvain Lefebvre+http://www.antexel.com/sylefeb/research;Jun Wu+https://wwwcg.in.tum.de/group/persons/wu.html;Christian Dick+https://wwwcg.in.tum.de/group/persons/dick.html,
A System for High-Resolution Topology Optimization,2015,http://wwwcg.in.tum.de/fileadmin/user_upload/Lehrstuehle/Lehrstuhl_XV/Research/Publications/2015/TopOpt/preprint.pdf,http://wwwcg.in.tum.de/research/research/publications/2015/high-resolution-topology-optimization.html,IEEE Transactions on Visualization and Computer Graphics,Jun Wu+https://wwwcg.in.tum.de/group/persons/wu.html;Christian Dick+https://wwwcg.in.tum.de/group/persons/dick.html;R&#252diger Westermann+https://wwwcg.in.tum.de/group/persons/westermann.html,
Infill Optimization for Additive Manufacturing--Approaching Bone-like Porous Structures,2016,https://arxiv.org/pdf/1608.04366.pdf,,Arxiv,Jun Wu+https://wwwcg.in.tum.de/group/persons/wu.html;Niels Aage+http://www.dtu.dk/english/service/phonebook/person?id=18078&tab=2&qt=dtupublicationquery;R&#252diger Westermann+https://wwwcg.in.tum.de/group/persons/westermann.html;Ole Sigmund+http://www.dtu.dk/english/service/phonebook/person?id=2278&tab=1,
An Efficient and Practical Near and Far Field Fur Reflectance Model,2017,https://people.eecs.berkeley.edu/~lingqi/publications/paper_fur2.pdf,,SIGGRAPH,Ling-Qi Yan+https://people.eecs.berkeley.edu/~lingqi/;Henrik Wann Jensen+graphics.ucsd.edu/~henrik/;Ravi Ramamoorthi+http://cseweb.ucsd.edu/~ravir/,
Light Field Video Capture Using a Learning-Based Hybrid Imaging System,2017,https://arxiv.org/abs/1705.02997,http://cseweb.ucsd.edu/~viscomp/projects/LF/papers/SIG17/lfv/,SIGGRAPH,Ting-Chun Wang+https://people.eecs.berkeley.edu/~tcwang0509/;Jun-Yan Zhu+https://www.cs.cmu.edu/~junyanz/;Nima Khademi Kalantari+http://nkhademi.com/;Alexei A. Efros+https://people.eecs.berkeley.edu/~efros/;Ravi Ramamoorthi+http://cseweb.ucsd.edu/~ravir/,
Unpaired Image-to-Image Translation using Cycle-Consistent Adversarial Networks,2017,https://arxiv.org/abs/1703.10593,https://junyanz.github.io/CycleGAN/,ICCV,Jun-Yan Zhu*+http://www.cs.cmu.edu/~junyanz/;Taesung Park*+https://taesung.me/;Phillip Isola+http://people.eecs.berkeley.edu/~isola/;Alexei A. Efros+https://people.eecs.berkeley.edu/~efros/,
DSCarver: Decompose-and-Spiral-Carve for Subtractive Manufacturing,2018,http://irc.cs.sdu.edu.cn/DSCarver/files/DSCarver.pdf,http://irc.cs.sdu.edu.cn/DSCarver/,SIGGRAPH,Haisen Zhao+http://irc.cs.sdu.edu.cn/~zhaohaisen/;Hao Zhang+http://www.cs.sfu.ca/~haoz/;Shiqing Xin+https://sites.google.com/site/xinshiqing/;Yuanmin Deng;Changhe Tu;Wenping Wang+https://i.cs.hku.hk/~wenping/;Daniel Cohen-Or+http://www.cs.tau.ac.il/~dcor/;Baoquan Chen+http://www.cs.sdu.edu.cn/~baoquan/,
Neural Best-Buddies: Sparse Cross-Domain Correspondence,2018,https://arxiv.org/abs/1805.04140,http://fve.bfa.edu.cn/recap/nbbs/,SIGGRAPH,Kfir Aberman+https://kfiraberman.github.io/;Jing Liao+https://liaojing.github.io/html/;Mingyi Shi+https://rubbly.cn/;Dani Lischinski+http://www.cs.huji.ac.il/~danix/;Baoquan Chen+http://www.cs.sdu.edu.cn/~baoquan/;Daniel Cohen-Or+https://www.cs.tau.ac.il/~dcor/,
Stationary Features and Cat Detection,2008,http://cis.jhu.edu/publications/papers_in_database/GEMAN/Fleuret-Geman_Cats_07.pdf,,JMLR,Fran&ccedilois Fleuret+https://www.idiap.ch/~fleuret/;Donald Geman+http://www.cis.jhu.edu/people/faculty/geman/,
Modeling Object Appearance using Context-Conditioned Component Analysis,2015,https://www.cv-foundation.org/openaccess/content_cvpr_2015/papers/Turmukhambetov_Modeling_Object_Appearance_2015_CVPR_paper.pdf,http://visual.cs.ucl.ac.uk/pubs/ccca/,CVPR,Daniyar Turmukhambetov+http://www.cs.ucl.ac.uk/staff/dturmukh/;Neill D.F. Campbell+http://cs.bath.ac.uk/~nc537/;Simon J.D. Prince+http://www.cs.ucl.ac.uk/staff/s.prince/;Jan Kautz+http://www.cs.ucl.ac.uk/staff/s.prince/,
Interactive Curve Constrained Functional Maps,2018,https://people.csail.mit.edu/jsolomon/assets/curve_fmaps.pdf,,SGP,Anne Gehre+https://www.graphics.rwth-aachen.de/person/33/;Michael Bronstein+https://www.radcliffe.harvard.edu/people/michael-bronstein;Leif Kobbelt+https://www.graphics.rwth-aachen.de/person/3/;Justin Solomon+http://people.csail.mit.edu/jsolomon/,
Improving Shape Deformation in Unsupervised Image-to-Image Translation,2018,https://arxiv.org/pdf/1808.04325.pdf,https://github.com/brownvc/ganimorph/,ECCV,Aaron Gokaslan+https://skylion007.github.io/;Vivek Ramanujan+http://vivekr.me/;Daniel Ritchie+https://dritchie.github.io/;Kwang In Kim+https://researchportal.bath.ac.uk/en/persons/kwang-in-kim/;James Tompkin+http://jamestompkin.com/,
Unsupervised Image-to-Image Translation Networks,2017,https://arxiv.org/pdf/1703.00848.pdf,https://github.com/mingyuliutw/UNIT,NIPS,Ming-Yu Liu+http://mingyuliu.net/;Thomas Breuel+http://www.iupr.com/tmb;Jan Kautz+http://jankautz.com/,
Multimodal UNsupervised Image-to-image Translation,2018,https://arxiv.org/pdf/1804.04732.pdf,https://github.com/NVlabs/MUNIT,ECCV,Xun Huang+http://www.cs.cornell.edu/~xhuang/;Ming-Yu Liu+http://mingyuliu.net/;Serge Belongie+https://vision.cornell.edu/se3/people/serge-belongie/;Jan Kautz+http://jankautz.com/,
The relativistic discriminator: a key element missing from standard GAN,2018,https://arxiv.org/pdf/1807.00734.pdf,https://github.com/AlexiaJM/RelativisticGAN,arXiv,Alexia Jolicoeur-Martineau+https://ajolicoeur.wordpress.com/,
Adversarial Examples that Fool both Computer Vision and Time-Limited Humans,2018,https://arxiv.org/pdf/1802.08195,,NeurIPS,Gamaleldin F. Elsayed+https://ai.google/research/people/GamaleldinFathyElsayed;Shreya Shankar+shreya-shankar.com;Brian Cheung+https://scholar.google.com/citations?user=7N-ethYAAAAJ&hl=en;Nicolas Papernot+https://www.papernot.fr/;Alex Kurakin+https://ai.google/research/people/AlexeyKurakin;Ian Goodfellow+https://www.iangoodfellow.com/;Jascha Sohl-Dickstein+http://www.sohldickstein.com/,
Unsupervised learning of object landmarks by factorized spatial embeddings,2017,https://arxiv.org/abs/1705.02193,,ICCV,James Thewlis+http://www.robots.ox.ac.uk/~jdt/;Hakan Bilen+http://homepages.inf.ed.ac.uk/hbilen/;Andrea Vedaldi+http://www.robots.ox.ac.uk/~vedaldi/,
Strong 3D Printing by TPMS Injection,2019,https://ieeexplore.ieee.org/document/8703138,,IEEE TVCG,Xin Yan;Cong Rao;Lin Lu;Andrei Sharf+https://www.cs.bgu.ac.il/~asharf/;Haisen Zhao+http://irc.cs.sdu.edu.cn/~zhaohaisen/;Baoquan Chen+https://cfcs.pku.edu.cn/baoquan/,
Lions and Tigers and Bears: Capturing Non-Rigid 3D Articulated Shape from Images,2018,http://files.is.tue.mpg.de/black/papers/zuffiCVPR2018.pdf,https://ps.is.tuebingen.mpg.de/publications/zuffi-cvpr-2018,CVPR,Silvia Zuffi+https://ps.is.tuebingen.mpg.de/person/szuffi;Angjoo Kanazawa+https://people.eecs.berkeley.edu/~kanazawa/;Michael J. Black+https://ps.is.mpg.de/~black,
A Style-Based Generator Architecture for Generative Adversarial Networks,2019,https://arxiv.org/abs/1812.04948,https://github.com/NVlabs/stylegan,CVPR,Tero Karras+https://research.nvidia.com/person/tero-karras;Samuli Laine+https://users.aalto.fi/~laines9/;Timo Aila+https://research.nvidia.com/person/timo-aila,
What Else Can Fool Deep Learning? Addressing Color Constancy Errors on Deep Neural Network Performance,2019,https://arxiv.org/pdf/1912.06960.pdf,http://cvil.eecs.yorku.ca/projects/public_html/wb_emulation/index.html,ICCV,Mahmoud Afifi+https://sites.google.com/view/mafifi;Michael S Brown+http://www.cse.yorku.ca/~mbrown/,
Flow-edge Guided Video Completion,2020,https://arxiv.org/pdf/2009.01835.pdf,http://chengao.vision/FGVC/,ECCV,Chen Gao+http://chengao.vision/;Ayush Saraf;Jia-Bin Huang+https://filebox.ece.vt.edu/~jbhuang/;Johannes Kopf+https://johanneskopf.de/,
Matching Guided Distillation,2020,https://arxiv.org/pdf/2008.09958.pdf,http://kaiyuyue.com/mgd/,ECCV,Kaiyu Yue+https://kaiyuyue.com/;Jiangfan Deng;Feng Zhou+http://www.f-zhou.com/,
